6,661501134871986179,1652856135,"""云","""""","""#全能音乐挑战赛#","""音乐综合"""
6,638236774540247060,1647439479,"""大哥徒步","""wb""","""""","""日常"""
6,630684899187097604,1645681171,"""全网都没人做的实测！八重神子与空气对比！""","""说实话我真的是想不到是这个结果……我之前一直在寻找八重可以优化掉我小艾咪的配队，十几次后居然都失败了，突发奇想不用八重试试……\n结果你们也看到了，呜呜呜呜呜呜呜我的神子大人，策划你不得house！！！""","""""","""手机游戏"""
6,620630707078998257,1643340247,"""腹黑君得到了B站十年老友奖，罗翔说刑法为我颁奖了！""","""送给每一个闪闪发光的你！快来看看你的奖项>>","""#全体B站人都在领奖#我的哔哩哔哩用户“年终奖”是十年老友奖！你会得到什么奖项呢？戳链接看看>>>>","""日常"""
6,620307029757565184,1643264885,"""读作新京，触目心惊，这么多年新京报都干了什么？""","""失德媒体“心惊报”为何被骂上热搜？""","""怒""","""社科·法律·心理"""
6,609569736074275443,1640764914,"""高能混剪：魔幻的2021，人类失落的一年""","""转载自Youtube","""魔幻的2021，比2020更魔幻，\n人类度过了又一个失落之年\n纷争，混乱，疫情，交织在一起\n未来还会好吗？未来什么时候会好起来？\n""","""环球"""
6,605828695001738636,1639893885,"""这游戏卸载了个寂寞，你永远可以相信幻塔的操作""","""玩的是B服，官服的PC端研究完了准备卸载，结果发现，这游戏它不给卸载入口……\n截止投稿前，2021年12月18日12:46，依然没有更新卸载选项。""","""""","""手机游戏"""
6,598488729034034073,1638184916,"""【原神】那天帝君终于回想起了教魈枪法的日子（狗头）""","""bgm","""""","""手机游戏"""
6,595326185705208677,1637448579,"""五菱“封王”名场面：不是看不起诸位，我秋名山车神真的很赶时间""","""转载\n五菱“封王”名场面：不是看不起诸位，我秋名山车神真的很赶时间""","""""","""影视剪辑"""
6,593979996927563425,1637135145,"""《封","""依然没有简介""","""我头铁，我就喜欢逆风开团""","""日常"""
6,584330279152323732,1634888395,"""我愿称之为LOL手游开服最离谱的活动！""","""好消息：新玩家送自选皮肤宝箱\n坏消息：前几天开服刚注册的你，已经是一名老玩家了""","""好消息：新玩家送自选皮肤宝箱\n坏消息：前几天开服刚注册的你，已经是一名老玩家了""","""电子竞技"""
6,575768510951271661,1632894953,"""原神：世界第一抠门殿下""","""据说深渊战场前几层也不重置了，这也太抠门了吧，月卡体验真的也会好嘛，纯吃保底了吗""","""""","""手机游戏"""
6,550692258501398317,1627056433,"""【NHK】东京八分钟NHK高清解说版""","""Youtube搬运""","""""","""竞技体育"""
6,535073055878664161,1623419804,"""【王者荣耀】各个位置眼中的队友""","""我们的记者采访了峡谷里的一些英雄，发现他们对“位置”有不同的看法...\n部分素材来自网络“王者荣耀乖巧表情包”""","""你眼中的队友，也是这样的吗(*￣︶￣)""","""电子竞技"""
6,519889581982912551,1619884626,"""恒河战士最后的倔强，警惕二次病毒陷阱，生存是最强烈的心理需求""","""-""","""""","""社科·法律·心理"""
6,509036281223711971,1617357645,"""【鞋+穿搭】匹克全品类推荐""","""国货全推荐系列，第一集""","""拖鞋通勤鞋潮鞋跑鞋篮球鞋服饰全推荐""","""穿搭"""
6,506453232057812840,1616756232,"""黑人奴隶演唱的《棉花田之歌》歌词真讽刺，啪啪打脸美国佬！""","""独家翻译由本人完成，如有错误地方请善意指出。\n这是上世纪20年代的歌曲\n根据当时棉田工作的黑人说\n他们大多数一辈子都在棉田里工作\n就连当年美国大萧条都不知道\n事后看历史书才知道自己经历了大萧条\n因为工作一天他们只能拿10-50美分或者拿不到钱\n也没自由。""","""""","""音乐综合"""
6,500124872625205252,1615282796,"""最适合vlog和直播的相机—索尼ZV1！自媒体、直播、网络会议、网课都搞定！【万物皆可烧】""","""本期视频分享一款适合vlog，直播，网络会议，网课等各种场景，而且功能全面，简单易用的相机索尼ZV-1""","""本期视频分享一款适合vlog，直播，网络会议，网课等各种场景，而且功能全面，简单易用的相机索尼ZV-1#摄影##vlog##直播#""","""数码"""
6,499849715545526474,1615218731,"""来吧，甜蜜的死亡","""天知道我怎么会在今天上传这个（doge）\n转自https://www.youtube.com/watch?v=b-9fhRh4aPs""","""""","""MAD·AMV"""
6,489037328650109044,1612701276,"""【大仙全家桶】牛年限定皮肤爆料！喜提新皮，诸葛亮吕布为何愁眉不展？""","""【荣耀发财快报】1:00\n【大仙不闹】4:43\n【每日仙放送】6:46\n\n大仙团队本期制作：\n快报：策划不二","""""","""电子竞技"""
6,484927062135208167,1611744280,"""[Beat","""kimono!!\n\nTwitter","""""","""音游"""
6,468575820984078302,1607937210,"""【原神】策划：穷操心""","""原曲:《穷开心》\n调教：巫兔菌\n演唱：海伊\n填词&视频制作：up\n钟离热度现在下降了些，此视频只是作为一个热爱原神的钟离玩家发出的心声，请不要无脑喷\n我是真心希望原神能越来越好的，可期望越高失望越高\n想想官方也没继续装死，给出了自己的回复看到时候改动如何叭\n最后还是希望原神能好好反思一下这次事件，能汲取教训好好做下去，大家都能开心的玩游戏！\n我不想再看到玩家因为钟离吵来吵去了""","""""","""VOCALOID·UTAU"""
6,465312247134314775,1607177350,"""熟食店备受欢迎的松花鸡腿，在家就能做，你就差老师傅的方法了""","""东北老师傅，用鸡腿和松花蛋做一道大家熟食店经常看到的松花鸡腿，详细的制作过程分享给大家，让大家可以在家做出美味熟食。""","""#美食圈##美食vlog##生活##菜谱##日常##美食##烹饪#""","""美食制作"""
6,438524213988267669,1600940275,"""原神：世界第一抠门殿下""","""据说深渊战场前几层也不重置了，这也太抠门了吧，月卡体验真的也会好嘛，纯吃保底了吗""","""""","""手机游戏"""
6,431731615836201776,1599358750,"""U","""盘点假面骑士01中一共出现了多少次","""""","""特摄"""
6,426009929123399499,1598026566,"""游戏科学新作《黑神话：悟空》13分钟实机演示""","""从不畏惧死亡，只是不忍世道沦丧。\n哪怕前途多尸骨，身后无退路——\n这个世界，总有勇敢的生命，再次踏上取经之途。\n\n由游戏科学开发的西游题材单机·动作·角色扮演游戏《黑神话：悟空》今日正式公布长达13分钟的实机演示视频！本视频内容全部基于实际操作录制，将最真实的游戏体验一刀不剪地呈现给玩家。\n\n白骨之后，重走西游。\n那群最想做西游的人，真的回来了。\n\n更多信息可关注我们的微博@黑神话之悟空","""#黑神话悟空##游戏科学#白骨之后，重走西游！""","""单机游戏"""
6,401813986046793619,1592393009,"""200元到700元，5款超高性价比麦克风对比！罗德、AKG、舒尔怎么选？【音频加油站】""","""五款麦克风分别是\n舒尔","""今天对比测试5款性价比超高的麦克风，大家多多支持！一键三连！#麦克风##录音设备##测评#""","""数码"""
6,385804358012238926,1588665477,"""【醒醒】中华儿女该起床了""","""愿中国青年都摆脱冷气，只是向上走，不必听自暴自弃者流的话，能做事的做事，能发声的发声，有一分热，发一分光，就令萤火一般，也可以在黑暗里发一点光，不必等候炬火，此后如竟没有炬火，我便是唯一的光。——鲁迅《热风，随感录四十一》""","""#郑强演讲##郑强##罗翔#""","""日常"""
6,355468127828686383,1581602273,"""【朱一旦】142","""微博@朱一旦的枯燥生活\nYouTube","""#全能打卡挑战#","""搞笑"""
6,317513849726801880,1572765354,"""轮到纽约地铁了……""","""1日，因警方疑似粗暴执法，近千纽约市民走上街头抗议。他们要求平等对待少数族裔，并高呼辱骂警察的口号。在地铁站里，抗议者集体跳过闸机，一些人还呼吁交通运输系统免费。抗议中有两人被捕，一人因在警车上涂写“猪”字，一人因朝警察吐口水。""","""轮到纽约地铁了……""","""综合"""
6,311943513367613035,1571468409,"""就是垃圾！【大圣归来】开启国产单机流量IP时代""","""有钱做宣传，没钱做游戏\n国游单机市场不属于流量！\n你看人家b站的斩妖行，小火车多好玩2333""","""第一次害怕自己做的视频，这6分钟得罪一万个人\n但大圣这种3分制作+3分ip+4分宣传的做法必须被遏制\n求一波三连吧....我是真的有点害怕...毕竟断人财路，影响力要是不高就gg了""","""单机游戏"""
6,303876615598860303,1569590188,"""【300W粉丝福利】小妖怪们！我也是在B站有300W粉丝的人啦！""","""小妖怪们！我也是在B站有300W粉丝的人啦！\n为了感谢大家的支持，我特意穿戴整齐的跑出去给大家买礼物抽奖！快去看我最新的vlog，毕竟能看见走在路上都帅的耀眼的男人机会不多哈哈哈哈\n关注+转发，抽3人送华为mate","""#vlog##粉丝##自制#""","""日常"""
6,289012116036063404,1566129277,"""超强……“唐僧版”香港阿Sir出现了……""","""近日网上有视频片段展示，香港马鞍山阿Sir对包围警署的示威者温柔""喊话""，劝示威者离去。喊话内容告知示威者如果有参与过非法集结、刑事毁坏以至暴动，可能要面对长达25年监禁","""""","""热点"""
6,1166809470340249,1269534203,"""【非ACG】【禁断教室写实版】""","""亮点在结尾！只能说老师","""""","""日常"""
6,1032583152404492,1266820640,"""【非ACG】【治愈系】如果此時尿了怎么办""","""-w-""","""""","""日常"""
6,842208728056616,1262971968,"""【非腹黑】某感人肺腑的国产AV前传—真的很感人""","""不求软妹终生相伴，但愿一刻相依身旁。""","""""","""日常"""
6,836255903384316,1262851624,"""【腹黑】感人肺腑","""sm9242680，不怕死的看吧""","""""","""鬼畜调教"""
6,831286627271393,1262751163,"""【腹黑】感人肺腑的国产AV""","""狠狠心挥手告别","""""","""日常"""
7,663194949728075797,1653250507,"""[省线翡翠台]","""pyitv信源\n不知道是省线加的还是市线加的又或者是番禺有线自己加的\n看了下上星期录的并没有计时器","""""","""综艺"""
7,652964745614196744,1650868602,"""局长作品动画化&真人化贺图绘制过程""","""这是为了庆祝女仆教育决定动画化&真人化所绘制的贺图！\n其实画完之后还进行了一些修改，修改之后的样子能在动态里看到哦~\n\n使用BGM\nhttps://dova-s.jp/\nIsland","""""","""综合"""
7,651912345470107667,1650623571,"""[Apex英雄]","""我的移动重生信标去哪了？""","""""","""网络游戏"""
7,651140462532362241,1650443853,"""[Apex英雄]","""也捡了不少尾刀\n打架记得在恢复圈里打""","""""","""网络游戏"""
7,650312779636408325,1650251143,"""[Apex英雄]","""队友冲太快\n倒了也不爬回来\n另一个队友上去硬扶\n但是他忘记大招有传送门的\n这时候是去还是不去呢？""","""""","""网络游戏"""
7,650223813667061765,1650230429,"""[Apex英雄]","""我也不知道为什么没被打\n\n顺便这局最后赢了""","""""","""网络游戏"""
7,641896503285121064,1648291576,"""[Apex英雄]","""其实是把枪都能甩的""","""""","""网络游戏"""
7,625762106373350400,1644534994,"""[Apex英雄]","""没人的话应该能直接滚到底""","""""","""网络游戏"""
7,625757721216976262,1644533973,"""[Apex英雄]","""为什么就不能愉快的打在肉上吨吨吨""","""""","""网络游戏"""
7,623509915720232583,1644010615,"""[Apex英雄]","""OBS录制\nx264","""""","""网络游戏"""
7,623508189140231971,1644010213,"""[Apex英雄]","""OBS录制\nx264","""""","""网络游戏"""
7,623500088828755442,1644008327,"""[Apex英雄]","""扔了两次都没出来","""""","""网络游戏"""
7,621801309003741157,1643612799,"""开盒一下鲨鱼卫衣""","""没什么好说的""","""""","""日常"""
7,618849468180038486,1642925520,"""[Apex英雄]","""""","""""","""网络游戏"""
7,610358055843663687,1640948459,"""[广东珠江]","""今晚嘅新闻内容係咁多，听日开始我哋节目将会全新升级为珠江新闻。\n欢迎各位观众继续收睇，听日同样时间再见。\n再见。\n\n&playseek=20211231185217-20211231185307""","""""","""日常"""
7,607206082419869681,1640214583,"""[Apex英雄]","""看回放觉得自己有开了的感觉，咋回事""","""""","""网络游戏"""
7,607205936394127082,1640214549,"""[Apex英雄]","""为什么这对就不能齐齐整整呢""","""""","""网络游戏"""
7,603472398635756794,1639345267,"""“您","""已和解""","""大UP主盗用了我的视频，\n我希望得到公开申明和道歉，\n\ufeff我错了吗？""","""日常"""
7,600130879719709486,1638567259,"""[Apex英雄]","""好久没打着这么舒心了""","""""","""网络游戏"""
7,599978648899057080,1638531815,"""[Apex英雄]","""发点存货","""""","""网络游戏"""
7,588612851172358644,1635885509,"""[Apex英雄]","""真的很强\n后坐力低","""""","""网络游戏"""
7,583363782656826648,1634663365,"""广东广电网络","""录制自省线明珠台""","""""","""日常"""
7,583074392059120847,1634595986,"""[省线]","""番禺有线源\n省线翡翠台高清化之后的第一个收开台\n开台之后的动画比收台动画更加流畅了","""""","""日常"""
7,582667246337835488,1634501190,"""为什么竞技场模式是垃圾模式","""因为就是垃圾模式\n这两条片我和我朋友都跑不掉","""""","""网络游戏"""
7,578267030873072654,1633476685,"""[Apex英雄]","""（P2没惊喜）\n在世界尽头完成前三章之后会让你去射击场叫飞船\n这个就跟之前竞技场前置任务一样","""""","""网络游戏"""
7,576764243288706483,1633126790,"""[广东IPTV]","""组播信号\n不知道为什么多了一个上星的南方卫视信号","""""","""日常"""
7,576030894803917636,1632956044,"""[Apex英雄]","""（两个白渡鸦的点都是随机的","""""","""网络游戏"""
7,571770351672332595,1631964059,"""[广州电视]","""番禺有线回放\n源码流只有2000Kbps","""""","""日常"""
7,568176177006210715,1631127225,"""[广东卫视]","""广东IPTV录制\n我觉得这个广告比卖药的过分多了","""""","""日常"""
7,564904107707703602,1630365387,"""[省线]","""番禺有线源","""""","""日常"""
7,564545598206467627,1630281915,"""[番禺有线]","""番禺有线回放信号","""""","""日常"""
7,564121002034316032,1630183056,"""广东IPTV","""抓取时间：","""""","""日常"""
7,561944694853371422,1629676345,"""广东公共频道DV现场","""GDIPTV","""""","""日常"""
7,502830147976354512,1615912667,"""[赛马娘","""MV\nウマ娘\u3000プリティーダービー\nうまぴょい伝説\nライスシャワー／サイレンススズカ／ミホノブルボン""","""""","""手机游戏"""
7,500936621445644487,1615471796,"""【御伽原江良】初次直播开始过了两年了","""https://youtu.be/ypc4LHr_0e0\n【2021年3月10日","""""","""综合"""
7,498765420990134240,1614966274,"""[节奏医生]","""左上为Steam现行版\n右下为2017年3月BETA版""","""""","""音游"""
7,497730110531335947,1614725222,"""[节奏医生]","""2号晚直播录像\n上一个：https://www.bilibili.com/video/BV1GU4y1p7CR""","""""","""音游"""
7,497716933570611078,1614722154,"""[节奏医生]","""28号晚直播录像\n上一个：https://www.bilibili.com/video/BV1ob4y1X7Tk""","""""","""音游"""
7,497119580936540470,1614583072,"""[节奏医生]","""2-X录像""","""""","""音游"""
7,496385171591907027,1614412079,"""[节奏医生]","""2021年2月26日发售\nSteam:","""""","""单机游戏"""
7,495815719051644202,1614279493,"""【熟肉】骂你笨蛋的狂气克蕾雅""","""剪辑：凌深寒\n时轴：三环泊进之介\n翻译：谜菌\n封面：ab、我看了电视""","""""","""综合"""
7,495386879453892477,1614179646,"""在460万人被误导后，我找到游戏作者本人求证！""","""希望各位能多多转发，让更多人知道真相。\n\nBGM：Petri","""""","""单机游戏"""
7,472525099252126161,1608856723,"""[赛博朋克2077]","""按照这条路走出来之后不知道还能不能回夜之城，所以跑酷之前建议存个手动档再跑\n字幕不做了，简单的在这里说下流程：\n1.跑进去帕南线结局的隧道，不过不能进去隧道走（因为进了隧道结局剧情还没开始所以门是关住的出不去），而是要出边界在隧道旁边走\n2.走到建筑工地那头之后找好角度，然后超级跳+二段跳跳到视频里面的一个斜平台\n3.在斜平台找到一个能穿出去的地形，超级跳+二段跳过去跳回地图边界内""","""""","""单机游戏"""
7,470926070036757086,1608484420,"""[赛博朋克2077]","""在神宫寺服装店的支线任务：砧板上的肉\n神宫寺在荒坂塔的西北边","""""","""单机游戏"""
7,470146005197320074,1608302797,"""[赛博朋克2077]","""KHOP应用篇\n实际上不知道速度到底可以累积到多少","""""","""单机游戏"""
7,469819579087549678,1608226795,"""[赛博朋克2077]","""如题\n要做到这个你需要知道如何KHOP以及滑铲掉落，并且需要装备二重跳（蓄力跳理论上也可以，但是二重跳比较简单）。\nKHOP具体操作：装备克伦齐科夫的时候（神经系统义体，白色也行）用武器瞄准，然后向前冲刺，松开瞄准键之后马上再向前冲刺，然后按下跳跃键。这样的话不仅可以跳得远，速度也很快，身边没车的时候可以拿这个来赶路。\n掉落伤害用滑铲来取消掉，不过也有方法不用滑铲也能到V的公寓而且安全下楼的，在这里就不演示了。（具体操作就是下去V的公寓的时候跳到公寓上面广告牌那块空地，下楼的时候找到对面有围栏的地方找路下""","""""","""单机游戏"""
7,434549389259747745,1600014814,"""【原创舞蹈】唱跳了蝶々結び【健屋花那/NIJISANJI】""","""不是被束缚而是去结合。\n\n\nsong","""纯享版来了！""","""综合"""
7,423908586308712891,1597537309,"""《夏日必吃》我自己喜欢的一道菜【麻婆茄子-中華一筋式-】日本大厨师的做法","""https://youtu.be/EgxATcGymJ0\n材料：茄子、軟白葱、炸醤、郫県豆瓣醤、豆板醤、大蒜、蚝酱油、豆豉醤、酒譲、生姜、料酒、醤油、砂糖、味精、山椒粉、花椒\n【中華一筋公式Twitter】https://twitter.com/chinesedevoted\n日本来的制作美味中国菜的UP主。谢谢大家关注我么频道。请别忘记评论和收藏啊！！\n爱吃美食，爱料理制作，爱b站上的朋友们！！""","""#日本美食##吃播##葡萄酒#""","""美食制作"""
7,392711391277366939,1590273646,"""竞技场剩下四个打一个？那不是随便打吗""","""运气不好","""""","""手机游戏"""
7,372456282561344444,1585557636,"""【东方同人音乐】幽闭星光","""+‥‥‥‥‥‥‥‥‥‥‥‥‥‥‥‥‥‥‥‥‥+\n花儿告诉我，生之即有罪\n+‥‥‥‥‥‥‥‥‥‥‥‥‥‥‥‥‥‥‥‥‥+\n\n\n大家好，我们是幽闭星光\n我们制作了作为幽闭星光代名词的名曲的《色は匂へど散りぬるを》的完整版MV！\n我们特别为Senya和Marcia的两位歌姬进行了不同制作，这次的歌唱由“Senya”担当。。\n\n非常精美的视频出自满福神社的二次创作动画《幻想万华镜》。《色は匂へど散りぬるを》是这部作品的主题曲之一。\n\nMarcia","""#原创##东方Project#我们把作为幽闭星光代名词的东方再编曲作品《色は匂えと散りぬるを》的完整版MV上传B站啦！\n有Senya","""原创音乐"""
7,365872321030678070,1584024688,"""\u200b互动抽奖\n恭喜《公主连结Re:Dive""","""\u200b互动抽奖\n恭喜《公主连结Re:Dive》通过审批，感谢各位骑士君的耐心等待！\n\n关注我们并转发这条动态，我们将随机抽选：\n8名骑士君送出日本原版周边【プリンセスコネクト！Re:Dive","""\u200b互动抽奖\n恭喜《公主连结Re:Dive》通过审批，感谢各位骑士君的耐心等待！\n\n关注我们并转发这条动态，我们将随机抽选：\n8名骑士君送出日本原版周边【プリンセスコネクト！Re:Dive","""日常"""
7,338916938777557030,1577748649,"""广东英语辅导","""广东IPTV\n20191231","""""","""日常"""
7,336740245059564980,1577241848,"""多亏了大家，我3d了！""","""【https://www.youtube.com/watch?v=qoClQ4MaKXU】\n\nbilibili空间\nhttps://space.bilibili.com/441666967\n\nTwitter\nhttps://twitter.com/belmond_b_2434\n\n字幕协力：贝尔蒙德班德拉斯搬运\n时轴：","""侧手翻已经是彩虹人的定番了吗""","""MMD·3D"""
7,333054428676248470,1576383677,"""【B站限定】3D化B限回【鹰宫莉音】""","""【12.1B限剪辑】\n\nTwitter","""#鹰宫莉音##NIJISANJI##VTUBER#""","""MMD·3D"""
7,332225938074218907,1576190779,"""[新台标]","""广东IPTV\n新台标的台呼\n20191213","""""","""日常"""
7,332195168931647144,1576183615,"""TVS-2","""广东IPTV\n换广东台台标了\n切换在00:46附近（13号00:42:46）\n&playseek=20191213004221-""","""""","""日常"""
7,327405146522414720,1575068351,"""广东综艺4K","""广东IPTV录制\n广东综艺","""""","""日常"""
7,292400033482211126,1566918088,"""【B站限定自我介绍】爱唱歌的小红帽童田明治，今后请多关照~""","""がぶがぶー！にじさんじ所属、童田明治だよ！\nアニメと歌とゲームが好き！みんなと楽しく遊びたいなー！ヾ(""ω"")ﾉ\n\n初次直播时间：9月3日20:00~21:00\n\nhttps://twitter.com/warabeda_meiji\n\n字幕协力：童田明治的小狼窝\n翻译：星云\n轴：乱飞的云\n压制：流云の翼""","""#VTuber##彩虹社##NIJISANJI#""","""综合"""
7,290873039465111011,1566562557,"""【B站限定自我介绍】有点危险的唱歌大姐姐铃鹿诗子，从今天起请多关照！""","""我叫铃鹿诗子，是在电视台教孩子们唱歌的唱歌大姐姐。\n喜欢唱歌和可爱的男孩子！\n26岁单身，正在相亲中，母性无处发泄。\n我还很喜欢酒！bilibili的好孩子们，以后请多关照！\n\n初次直播时间：8月30日20:00-21:00\n\nhttps://twitter.com/suzukautako\n\n字幕协力：铃鹿诗子的瘴气之谷""","""#NIJISANJI##VTuber##铃鹿诗子#""","""综合"""
7,282245420829565413,1564553783,"""【B站限定自我介绍】我是家长麦，请多关照！""","""我是NIJISANJI的家长麦！来和我交朋友，一起玩吧~我随时等着大家！\n\n初次直播时间：8月2日20:00-21:00\n\nhttps://twitter.com/ienaga_mugi23\n\n字幕协力：mugi字幕组""","""#虚拟YOUTUBER##Vtuber##虚拟主播#""","""MMD·3D"""
7,281242090700719623,1564320177,"""【B站限定自我介绍】我是森中花咲，请多关照啦！""","""る～るるる～\nにじさんじ所属バーチャルライバーの森中花咲です！\nbillbill動画でも楽しく活動していきたいと思います！\n応援よろしくね〜\n\n初次直播时间：8月5日20:00-21:00\n\nhttps://twitter.com/KazakiMorinaka\n\n字幕协力：森中花咲字幕组\n时轴：神崎早苗\n翻译：海月安慕希\n校对：图书""","""#VTUBER##虚拟YOUTUBER##森中花咲#""","""综合"""
7,280932505164568535,1564248096,"""【B站限定自我介绍】我是贝尔蒙德·班德拉斯，请多关照。""","""大家晚上好。我的名字是贝尔蒙德班德拉斯。\n我是一个住在梦中的酒吧的主人。我是NIJISANJI的虚拟主播。我还在学中文。\n请多关照！\n\n初次直播时间：8月4日20:00-21:00\n\nhttps://twitter.com/belmond_b_2434\n\n字幕协力：贝尔蒙德班德拉斯搬运""","""#VTUBER##虚拟YOUTUBER##NIJISANJI#""","""MMD·3D"""
7,280493172962078924,1564145806,"""【B站限定自我介绍】我是鹰宫莉音，贵安！""","""我是NIJISANJI的超级美少女大小姐VTuber鹰宫莉音，\n在私立帝华高校读二年级，各位请多多关照！\n\n初次直播时间：8月3日20:00-21:00\n\nhttps://twitter.com/TakamiyaRion""","""#VTUBER##虚拟YOUTUBER##NIJISANJI#""","""综合"""
7,280107489188836691,1564056007,"""【B站限定自我介绍】我是笹木咲呀哟~请多关照！""","""にじさんじ所属の笹木咲やよ〜。ゲームだいすき。きょうもたのしい。\n毎日が夏休み。ゲームでたくさんあそぶやよ〜〜〜！\n\n初次直播时间：8月7日20:00-21:00\n\nhttps://twitter.com/saku_sasaki\n\n字幕协力：笹木咲搬运组""","""#VTUBER##虚拟YOUTUBER##彩虹社#""","""综合"""
7,272323646948450937,1562243690,"""【B站限定自我介绍】我是物述有栖，请多关照！""","""大家好，我是物述有栖！我还在学中文，但也想来bilibili和大家一起开愉快的茶会！请多关照啦！\n\n初次直播时间：7月8日21点开始！\n\nbilibili空间：https://space.bilibili.com/434565011\n\nhttps://twitter.com/AliceMononobe\n\n字幕协力：物述有栖-爱丽丝搬运""","""#物述有栖##VTuber##NIJISANJI#""","""MMD·3D"""
7,272323621175501361,1562243684,"""【B站限定自我介绍】我是樋口枫，请多关照！""","""德龙德龙！德龙好！（でろーんでろーん！でろんはお！）\nこの度、にじさんじのとある仲間たちとbilibiliさんにて配信を開始させていただくことになりました！\n初配信は7/8","""#樋口枫##VTUBER##NIJISANJI#""","""MMD·3D"""
7,271952750752153345,1562157334,"""【B站限定自我介绍】我是叶，请多关照！""","""我是NIJISANJI的虚拟主播叶！我喜欢玩游戏，希望能和大家一起享受乐趣！\n\n初次直播时间：7月5日21点开始！\n\nbilibili空间：https://space.bilibili.com/434563934\n\nhttps://twitter.com/Kanae_2434\n\n字幕协力：ChroNoiR_搬运组""","""#VTUBER##NIJISANJI##kanae#""","""MMD·3D"""
7,271952733570186965,1562157330,"""【B站限定自我介绍】我是葛叶，请多关照。""","""大家好，我是虚拟主播葛叶，请多多关照。\n\n初次直播时间：7月9日20点开始！\n\nbilibili空间：https://space.bilibili.com/434563422\n\nhttps://twitter.com/Vamp_Kuzu\n\n字幕协力：ChroNoiR_搬运组""","""#VTUBER##NIJISANJI##葛叶#""","""MMD·3D"""
7,271616287309632370,1562078995,"""【B站限定自我介绍】妾身乃龙胆尊，请多关照！""","""我可爱的中国孩子们哟","""#VTUBER##NIJISANJI##龙胆尊#""","""MMD·3D"""
7,271218259802545003,1561986322,"""【B站限定自我介绍】我是莉泽·赫露艾斯塔，请多关照！""","""bilibili动画的大家，你好！我是リゼ・ヘルエスタ。我是ヘルエスタ王国的第二位公主。为了作为良好的公主，天天努力！请多多关照〜！！\n\n初次直播时间：7月11日20点开始！\n\nbilibili空间：https://space.bilibili.com/436596841\n\nhttps://twitter.com/Lize_Helesta\n\n字幕协力：Helesta皇女直属骑士团""","""#NIJISANJI##VTuber##莉泽·赫露艾斯塔#""","""MMD·3D"""
7,238612835185530453,1554394780,"""【B站限定】7.5万人谢谢♡【静凛】""","""【2019年3月30日","""#静凛##VTUBER##NIJISANJI#""","""MMD·3D"""
7,238612525952078549,1554394708,"""【绿仙&ドーラ】逆光のフリューゲル【翻唱】""","""戦姫絶唱シンフォギア挿入歌「逆光のフリューゲル」歌わせていただきました。\n\n■Vocal\n天羽奏パート:緑仙","""#VTUBER##NIJISANJI##绿仙##多拉#""","""翻唱"""
7,232756664459002616,1553031284,"""【B站限定】初次见面【绿仙】""","""【3月17日B站限定直播】\n\n─────−-","""#彩虹社##にじさんじ##绿仙#""","""MMD·3D"""
7,232756630101361393,1553031276,"""【B站限定】椎名威華☆彡初☆彡TESTLIVE【椎名唯华】""","""【3月18日B站限定直播】\n\nbilibili空间：https://space.bilibili.com/403927583\ntwitter：https://twitter.com/yuika_siina\n\n\n字幕协力：椎名唯華字幕组\n翻译：馒头，残雪落殇，空蝉，akalin，从心，土方\n时轴：馒头，残雪落殇，百诺，marvo，黑猫","""#虚拟YOUTUBER##にじさんじ##椎名唯華#""","""MMD·3D"""
7,232250760261587082,1552913494,"""【B站限定】本间向日葵","""【3月16日B站限定直播】\n\nおはござ～(・ワ・)ﾉ\n大家~~你好~~\n本間ひまわりだよ❣\n\n16日の初配信の動画ですよっ\n見ってくれてありがとう！\n\n字幕协力：本間ひまわり搬运组\n翻译：豆子","""#虚拟YOUTUBER##VTUBER##向日葵##本间向日葵##B站限定直播#""","""MMD·3D"""
7,125134031083450211,1527973437,"""英雄联盟","""youtube:","""相关游戏:","""电子竞技"""
7,22055739398397150,1502387380,"""被希望所吸引的群星""","""https://www.youtube.com/watch?v=mvLKGuA3qB8\n转自youtube\n\n希望へといざなう星たち\n英雄联盟日服星之守护者宣传PV\n\n[2017-08-11","""""","""电子竞技"""
7,15683240585457704,1487965815,"""非常严肃的全AD悟空蒙太奇""","""youtube|?v=QgStdWquiYg","""""","""电子竞技"""
7,11479751800179194,1478024036,"""卡特琳娜赛季前聚光灯","""youtube:","""""","""电子竞技"""
7,11212510344263881,1472621394,"""CG3rd","""猫源","""""","""音乐综合"""
7,10257640328702385,1453317428,"""原紗友里","""sm28016359","""""","""音乐综合"""
7,10021885278517792,1448551327,"""[CGSS]Orange","""自制","""""","""音游"""
7,9449945959937943,1436988813,"""瑞雯瞬间回城BUG""","""youtube:mHcdyySX-dI","""""","""电子竞技"""
7,9177911321085630,1431489272,"""東方紺珠伝","""自制","""""","""单机游戏"""
7,8975025656835216,1427387668,"""路人女主的养成方法／#12","""tube:INzZjlCCgUM","""""","""资讯"""
7,8945291597173463,1426786555,"""路人女主的养成方法／#11","""tube:2RZWC6KYs0Q","""""","""资讯"""
7,8915252597978735,1426179277,"""路人女主的养成方法／#10","""tube:5pr46pm4jYQ","""""","""资讯"""
7,8885368214462345,1425575124,"""路人女主的养成方法／#9","""tube:Wztulm4v2Js","""""","""资讯"""
7,8855393638724545,1424969148,"""路人女主的养成方法／#8","""tube:X0A0XrZQHF8","""""","""资讯"""
7,8832381201830343,1424503921,"""路人女主的养成方法／#7","""tube:d1YEliq_D_0","""""","""资讯"""
7,8795521792462523,1423758759,"""路人女主的养成方法／#6","""tube:T4saBHvLqWs","""""","""资讯"""
7,8765654591954080,1423154954,"""路人女主的养成方法／#5","""tube:PTd-Z7hI4Wg","""""","""资讯"""
7,8735675718105531,1422548891,"""路人女主的养成方法／#4","""tube:6d4_1G8UqN8","""""","""资讯"""
7,8705791337733503,1421944739,"""路人女主的养成方法／#3","""tube:2ozXIgPZAJE","""""","""资讯"""
7,8702376836633319,1421875710,"""微软HoloLens现场演示""","""tube:RCCXZ8ErVag","""""","""数码"""
7,8676207600879613,1421346664,"""路人女主的养成方法／#2「旗子竖不起来的她」","""tube:GRpN6pmieqQ","""""","""资讯"""
7,8650957488128655,1420836200,"""路人女主的养成方法／#1「尽是错误的序章」","""tube:bOKHQG74MT0||\r\n冴えない彼女の育てかた／#1「間違いだらけのプロローグ」予告映像||\r\n视频标题要全中文\u3000然后我日文不好\u3000随便译个下话标题了""","""""","""资讯"""
7,4705965603818093,1341082947,"""[Tone","""原创","""""","""单机游戏"""
7,3218438039362648,1311010601,"""【BMS】発狂BMS段位認定Overjoy","""sm15045996","""""","""单机游戏"""
7,2376018858901398,1293979978,"""【静止画MAD】Shoulder","""http://zoome.jp/souennokaito/diary/134","""""","""MAD·AMV"""
7,2162778027614906,1289669031,"""【雀龍門】普通的三倍满逆一""","""なし|","""""","""单机游戏"""
7,2037940508185669,1287145275,"""【雀龍門】人参的役满集[2p]""","""没有出处可以不|","""""","""单机游戏"""
7,2037558255047739,1287137547,"""[jubeat","""Youtube:Cyd6F2VOyWE","""""","""音游"""
7,810988611830378,1262340812,"""【海猫】最終章ＭＡＤ～蒼黒のスピカ～""","""sm9188712|字幕自己上的""","""""","""综合"""
8,643100051904659463,1648571799,"""【小太阳】玩eve手游被小太阳狂啄石头（？）""","""-""","""""","""手机游戏"""
8,611098598394323962,1641120880,"""魔卡少女樱主题婚礼","""遇到一对很有意思的新人","""""","""日常"""
8,544864352950584995,1625699518,"""【缅因】怂猫咖啡最喜欢团成球""","""-""","""""","""日常"""
8,512518997190287194,1618168528,"""【缅因】日常撸撸猫好了。""","""并不会剪辑。就把日常撸猫片段拿出来吧""","""""","""喵星人"""
8,484742610469690816,1611701334,"""【缅因】激光笔逗猫""","""好久没发视频了。","""""","""喵星人"""
8,457968780773831775,1605467566,"""【缅因】好久没发视频了""","""奥利奥好久没亮相了。又大了点。","""""","""喵星人"""
8,417343174749440937,1596008680,"""【野猫】之前救治的野猫来找吃的""","""之前在厂区遇到一只尾巴全烂的小猫","""#萌宠vlog#","""喵星人"""
8,399760807000182598,1591914966,"""【缅因】和雪糕玩耍后的咖啡好像一条狗在喘气""","""刚和雪糕玩耍打架","""#萌宠vlog#","""喵星人"""
8,399760575066705491,1591914912,"""【缅因】日常撸巧克力""","""巧克力今天玩奥利奥的尾巴","""#萌宠vlog#","""喵星人"""
8,391500897690815056,1589991806,"""【缅因】咖啡洗完澡出来玩""","""真日常片","""#萌宠vlog#","""喵星人"""
8,391042100696432866,1589884984,"""【痛改钱飞vol.4】这就是猛男才会开的痛车吗？爱了爱了！""","""不知道什么时候才会更新一次的痛车访谈类节目-痛改钱飞系列再次更新\n这次带来的是猛男才会开的痛车\n这台车会不会芳文跳我不知道\n但这位萌豚车主似乎在开往幼儿园的路上渐行渐远…\n\n主题：NEW","""#粤痛组##tamama##tamama玉屋##痛车#""","""汽车文化"""
8,387725028731654872,1589112668,"""【TAMAMA玉屋】用特斯拉来打造一台心理测量者的主题痛车吧！""","""这次带来的是一台全新出炉的特斯拉modelX痛车\n由痛车设计工作室","""#tamama##玉屋##TAMAMA玉屋#""","""汽车文化"""
8,385936531334576177,1588696251,"""【缅因】【不雅慎进】难过了.猫猫连吐几轮""","""思考了下要不要发","""#萌宠vlog#","""喵星人"""
8,384589578056571704,1588382639,"""【缅因】巧克力抓我！看我抽她""","""被猫抓伤了","""#萌宠vlog#","""喵星人"""
8,376864078642245588,1586583906,"""【缅因】大头奥利奥蹭手手""","""晚上抱回房间睡觉","""#动物圈#","""喵星人"""
8,375496964781012905,1586265600,"""【缅因】奥利奥暴舔""","""奥利奥洗完澡后到处躲","""#缅因猫#","""喵星人"""
8,374122412043392711,1585945562,"""【缅因】咖啡舔逗猫棒""","""日常撸撸猫。感谢英雄战士们的付出我们才得以安全的在家中。""","""#动物圈#","""喵星人"""
8,366492260909916558,1584169029,"""【缅因】日常撸撸猫""","""好久没发视频了..","""#动物圈#","""喵星人"""
8,358434545775158139,1582292946,"""【缅因】奥利奥又想喝自来水了""","""每次都喜欢喝自来水的奥利奥","""#动物圈#","""喵星人"""
8,351548295862921978,1580689616,"""【缅因】疫情期间大家要加油哦","""有一堆红鸡蛋太多了吃不完","""#动物圈#","""喵星人"""
8,334057840414804180,1576617302,"""【缅因】老子会开门2""","""本来已经专门为他装了防儿童开门的装置了","""#动物圈#","""喵星人"""
8,331095232099897814,1575927516,"""【缅因】老子会开门""","""每天把门关好","""#动物圈#","""喵星人"""
8,328847491029274802,1575404173,"""【缅因】逗小猫吃冻干""","""这次的小猫叫咖啡","""#动物圈#","""喵星人"""
8,310914447789641005,1571228811,"""【缅因】父子打架""","""奥利奥上面那个","""#动物圈#","""喵星人"""
8,308335496026913120,1570628352,"""【缅因】巧克力还是发情了..然后....""","""巧克力母猫被奥利奥上了....","""#动物圈##缅因猫##萌宠#""","""喵星人"""
8,308333683546514003,1570627930,"""【缅因】饿坏了抢东西吃""","""好惨呐","""#动物圈#","""喵星人"""
8,300254777049941630,1568746913,"""【缅因】饿了一天的猫猫们""","""机器们的电被猫猫们弄掉了","""#动物圈#","""喵星人"""
8,274112165821002699,1562660112,"""【缅因】母猫巧克力叼着小猫的日常...""","""母猫：巧克力","""#动物圈##缅因猫##萌宠#""","""喵星人"""
8,271246636652625476,1561992929,"""【缅因】睡前狂撸大猫.""","""这次主角是奥利奥","""#动物圈##缅因猫##猫#""","""动物综合"""
8,268315317176015593,1561310428,"""【缅因】日常给小猫喂奶和洗澡""","""好久没发视频了，有点忙。巧克力很奇怪的在我某一天回家发现多了一只小猫在窝里....品相倒是很好看但是只有一只。emmmmm，视频的小猫只有三周不到.""","""#动物圈##缅因猫##萌宠#""","""喵星人"""
8,250166146889072472,1557084745,"""【缅因】五一回来食物没给够。。""","""自动喂食机没注意加满。被吃完了","""#动物圈##缅因猫##铲屎官#""","""喵星人"""
8,250162835467188364,1557083974,"""【缅因】日常逗猫。。有彩蛋？""","""并不想剪辑...呀","""#动物圈##缅因猫##萌宠#""","""喵星人"""
8,227890586769410192,1551898312,"""【缅因】出游前简单处理了。""","""嘛...发点什么看看吧～""","""#VLOG##生活##缅因猫#""","""日常"""
8,214318387035110606,1548738288,"""【缅因】雪糕被咬了w""","""-""","""#动物圈##喵星人##日常#""","""喵星人"""
8,148126154956767162,1533326708,"""【缅因】巧克力的日常""","""冒个泡发个视频。""","""#缅因库恩#""","""喵星人"""
8,100963436907288949,1522345782,"""超凶。""","""超凶。""","""超凶。""","""日常"""
9,657112477144711168,1651834321,"""很离谱，画了五版草稿，最后猫主子选了这个？？""","""这次尝试绘制Q版黑歌，没想到在构图的选择上猫主子有自己的想法……结尾有彩蛋不要错过！\nB站动态还有抽奖活动，关注+转发动态抽2人送黑歌立牌灯，希望大家喜欢。\n\n拍摄制作协力：\ufeff@茶音LuLu\ufeff""","""这次尝试绘制Q版黑歌，没想到在构图的选择上猫主子有自己的想法……结尾有彩蛋不要错过！关注+转发本动态抽2人送黑歌立牌灯，希望大家喜欢。""","""绘画"""
9,641472349497983012,1648192820,"""家里黑猫太可爱了怎么破，画她！""","""第一次把自己画画的过程做成视频，真是巨大的挑战，求观众姥爷们的一键三连呀！\n微博@骡画社\n\n拍摄制作协力：@茶音LuLu""","""第一次把自己画画的过程做成视频，真是巨大的挑战，求观众姥爷们的一键三连呀！为了感谢大家的支持，我将从转发本动态的粉丝中抽3人平分300元红包，希望大家获得好运！""","""绘画"""
9,620622048430093858,1643338231,"""柴刀娘木木得到了B站十年老友奖，Vicky宣宣为我颁奖了！""","""送给每一个闪闪发光的你！快来看看你的奖项>>","""#全体B站人都在领奖#我的哔哩哔哩用户“年终奖”是十年老友奖！你会得到什么奖项呢？戳链接看看>>>>","""日常"""
9,617065836984739533,1642510236,"""最难科目二！带UP主们挑战三天考出赛车驾照！""","""""","""这个视频剪了一礼拜，贼费劲，求一波三连""","""赛车"""
9,613695893972335522,1641725610,"""影豹","""传祺影豹的逆袭！与法系底盘大师凡尔赛跨越赛道的爱恨情仇！\n感谢@平守","""""","""赛车"""
9,612762954064564354,1641508393,"""大家好，我是仓木麻衣！！初次见面，请多多关照。""","""之后会为大家准备更多有趣的内容，请大家多多关照！！""","""""","""明星综合"""
9,609894942399436609,1640840632,"""为了得到一份安保工作把车开到190km/h""","""""","""""","""赛车"""
9,608130926325970542,1640429915,"""🚨","""圣诞快乐","""""","""日常"""
9,607841651685825911,1640362563,"""bili娘小剧场[祝你圣诞快乐]""","""o(＾∇＾)oﾜｰｲ♪","""""","""翻唱"""
9,607694119552524372,1640328213,"""又双叕提一辆超跑是什么体验？B站首台","""""","""""","""赛车"""
9,605901859764953699,1639910920,"""【慎入】为了抽奖，差点拍了一部沙雕剧！""","""总之，车队就这样成立了，不关注我们就拍续集尬死你们！！\n\n参演：\n职业车手张臻东\n大升格的视角姬\n美丽的养乌龙猫的欠欠\n漂亮的纸灵灵\n并没有出镜的MagicBear\n配音&剧本：键盘打工人""","""关注动态有抽奖噢""","""搞笑"""
9,601096276692078385,1638792033,"""【VLOG】在ZIC的一次赛道培圳""","""收到宝马邀请前往珠海国际赛车场参加宝马的驾驶培训～～第一次跑珠海赛道，随便玩一下～～""","""""","""赛车"""
9,597766809459734482,1638016831,"""一年竟爆亏100万的超跑——迈凯伦720S","""这次我们又双叒叕拐来了MB的迈凯伦720S，之前都没有好好说说这台车，今天就带你们看看这台车有多糟心...""","""这模特怎么不出声啊？连台车都比她话多！""","""汽车生活"""
9,595826691124066366,1637565112,"""【黄一山】我与星星的故事！喜剧之王星爷、影帝、天王、歌神们，他们是你的童年回忆吗？""","""真的感谢大家的支持！\n我在往后，会在B站跟大家一起分享，\n喜剧之王星爷、四大天王、影帝、歌后、电影圈女神们他们的故事，这是您的童年回忆吗？\n希望大家喜欢！""","""真的感谢大家的支持！\n我在往后，会在B站跟大家一起分享，\n喜剧之王星爷、四大天王、影帝、歌后、电影圈女神他们的故事，这是您的童年回忆吗？\n希望大家喜欢！""","""明星综合"""
9,579188997134390235,1633691347,"""贝儿听到被叫儿儿的反应""","""http://t.cn/A6M6UAMS","""""","""日常"""
9,578443034337982695,1633517664,"""我嫁人了！你信不信？【爷青结】""","""终于这一天来了...！爷的青春结婚了！\n我的女朋友不是露脸的艺人。所以我为了保护她的隐私，不会让她出境的。但是存在着的！真的存在这的！！！""","""终于这一天来了...！你们的偶像要结婚了！""","""日常"""
9,559550894832867747,1629118995,"""【22娘×33娘】祝2233生日快乐！""","""把你哔哩哔哩掉~\n\n后期","""""","""短片·手书·配音"""
9,557224551570413886,1628577351,"""【992","""键盘打工人配音版","""键盘打工人","""赛车"""
9,549493881012685994,1626777414,"""【宁波国际赛道】新记录！992","""保时捷运动杯单圈挑战赛","""保时捷运动杯单圈挑战赛","""赛车"""
9,539910876975374687,1624546197,"""挑战用100元在漫展以物换物，最后竟把自己换进牢房？""","""UP主教你如何在漫展用100元把自己换进牢房，你学会了吗？\n感谢现场配合换物的小伙伴\n如果喜欢视频的话记得给我点个赞哦！""","""我又去漫展现场搞事啦！又被关进牢房啦！（为什么我要说又？？？）""","""搞笑"""
9,534220882827214006,1623221392,"""挑战一下猫咪奇葩睡姿吧？反正我是第一次见这种睡姿，哈哈哈""","""-""","""""","""喵星人"""
9,529842898108119322,1622202063,"""992","""-保时捷俱乐部的活动","""#911##保时捷911#","""赛车"""
9,526880242551029913,1621512266,"""打卡西安网红店《唐猫庭院》！""","""打卡西安网红店《唐猫庭院》！被溅了一身哈哈哈""","""""","""日常"""
9,518522747291124032,1619566385,"""【lovelive】朝","""好像大家都在用手书创作这个曲子，但是我不会画画。\n关于有提问“""金蝶象""标识已经是标配吗？”在这里提一嘴：\n只会在以水团相关内容为基础创作的MV作品上使用该标识。\n本作品是缪斯虹团因不满金蝶象在本人所发布的MV视频中，\n已然涉嫌构成事实垄断行为的情况，故联手发布，以作对抗。""","""缪斯虹团因不满金蝶象在本人所发布的MV视频中已然涉嫌构成垄断，故联手发布此MV以作对抗。""","""综合"""
9,513924589661530554,1618495793,"""三月三是广西壮乡的传统节日，少不了传统的特色美食，比如这乌米饭""","""乌米饭""","""#美食#","""美食制作"""
9,511916039622913843,1618028141,"""b站创始人开什么车""","""开车最重要是什么？yin咯""","""开车最重要是什么？yin咯""","""赛车"""
9,508588286074610758,1617253338,"""我们把迈凯轮改成了遥控车！还开上了赛道！""","""各位愚人节快乐~本视频内容纯属虚构，请勿模仿！路面驾驶镜头均为特效画面！""","""我们成功啦！""","""汽车生活"""
9,507967813624001653,1617108873,"""驾驶2000万的车","""这一期节目效果拉满了","""带你第一人称感受这次活动！！豪车和美女乱入。。""","""汽车生活"""
9,507193744549659962,1616928646,"""「超跑｜赛道日」Upspeed春季赛道日VLOG""","""""","""""","""赛车"""
9,506808674967274302,1616838990,"""叕提一台超跑是什么体验？B站首台992","""""","""""","""汽车生活"""
9,506801936159346241,1616837421,"""叕提一台超跑是什么体验？B站首台992","""""","""""","""汽车生活"""
9,506771081113048249,1616830237,"""开400w的超跑带妹子下赛道！""","""这是一次极致的体验！""","""em...被18个女仆装小姐姐包围""","""汽车生活"""
9,504906537029879851,1616396114,"""【FF14】两","""拉拉肥就是正义~看到这个魔性的视频后做了个FF14版。\n如果大家喜欢的话请关注","""""","""网络游戏"""
9,501677365863087933,1615644264,"""【KOKIA】10万关注感谢，为你们弹唱一首《クルマレテ》（覆盖）""","""大家好，我是KOKIA，在bilibili开通账号不久，突破10万粉丝了哦！\n所以怀着感激的心情，我想再为大家演唱一曲\n今天我在伦敦的家里为大家弹唱，和平时东京的家里气氛有些不一样，\n我想要慢慢的、轻松的边弹边唱给大家听，希望大家能享受其中""","""""","""原创音乐"""
9,500409444273289449,1615349053,"""叒提一台超跑是什么体验？奔驰GTR","""-""","""""","""汽车生活"""
9,500408426371277232,1615348816,"""叒提一台超跑是什么体验？奔驰GTR","""-""","""""","""汽车生活"""
9,499843071232127217,1615217184,"""跟着咪普利老师跳《极乐净土》""","""https://twitter.com/vag_mov/status/1368538971194544130""","""""","""单机游戏"""
9,496768128049728385,1614501243,"""【李雪琴】元宵晚会上，我要结婚了？！""","""原来演小品还包分配对象？这好事脱口秀可没有过""","""""","""明星综合"""
9,496496608812247885,1614438025,"""大家好，我是KOKIA，我来bilibili啦！这首《ありがとう（谢谢）》送给你""","""中国的朋友们，大家好，我是kokia，大家还好吗\n我非常好哟，因为现在很难通过演唱会的形式与大家见面\n今天是bilibili账号上的首次投稿\n我将在这里位大家献上创建官方账号后值得纪念的第一曲\n希望能将我最衷心的感谢传递给大家""","""""","""音乐综合"""
9,496005625324269167,1614323709,"""【4K・HDR】上海迪士尼2021新年特别版烟花（自古P2是正片）""","""【用HDR模式欣赏烟火，食用效果更佳噢！】\n录的当天有风，所以整个烟花有些靠左~~我们觉得倒放烟火效果极赞，欢迎点p2食用~""","""【建议用HDR模式欣赏烟火噢】[doge]欢迎点p2食用倒放版","""日常"""
9,495966682859722604,1614314642,"""【4K・HDR】烟火聚会vlog","""【用HDR模式欣赏烟火，食用效果更佳噢！】\nฅ۶•ﻌ•♡视频拍自大年初四我们和众多好友相约外地开展的一次烟火聚会哈哈，人很多，气氛很足，大家都好久没点过烟火了，就像一群乐开花的孩子们！非常非常开心满足！\n这个vlog也希望给今年没能点到烟火的你们带来浓厚年味~欢迎大家发弹幕来许愿祈福呀！""","""#元宵快乐#","""日常"""
9,495769904641600147,1614268826,"""【4K・HDR】烟火聚会vlog","""【用HDR模式欣赏烟火，食用效果更佳噢！】\nฅ۶•ﻌ•♡视频拍自大年初四我们和众多好友相约外地开展的一次烟火聚会哈哈，人很多，气氛很足，大家都好久没点过烟火了，就像一群乐开花的孩子们！非常非常开心满足！\n这个vlog也希望给今年没能点到烟火的你们带来浓厚年味~欢迎大家发弹幕来许愿祈福呀！""","""#元宵快乐#","""日常"""
9,494182948582594763,1613899334,"""我们花100W办了场赛道日！等你来参加！""","""2021UPSPEED春季赛道日将在3月20日于浙江国际赛车场首次举办！人气UP主们将会与你一起飞驰赛场。围场活动中更有模拟器，卡丁车，痛车展示等活动。一起摸一摸车手的战车，和UP主同好们一起模拟器竞赛，卡丁车追逐～赶快扫码报名或者点击下方链接加入我们吧！\nhttps://h5.tg-sh.cn/2021cp/20200209wz/""","""3月20号等你来！！！！""","""赛车"""
9,490925443523187797,1613140887,"""大年初一MB出来体验赛车“模拟器”""","""[牛年]大年初一@MagicBear","""[牛年]大年初一@MagicBear","""单机游戏"""
9,490144227623116122,1612958996,"""双倍的新年祝福！！【菜菜子x蔡明】""","""大家好，我是VirtuaReal","""带着菜菜子的好朋友来给大家拜年了！！\n祝大家在新的一年，阖家幸福，福寿绵长！""","""日常"""
9,487925353025890867,1612442374,"""【咬人猫X露露】心电感应❤️新","""2021年我带着新年的第一支原创单曲《心电感应》来啦，这首歌从制作到正式投稿用了近一年的时间，一开始就计划着《心电感应》是要和露露儿一起跳双人的舞蹈，所以露露一回来我们就马不停蹄的开始了不停的修改编舞、学舞、不断的改进、最终成品、筹备拍摄，期间编舞修改了很多次才有了一个雏形，整个过程都非常的充实且开心，原创只有0次和无数次，现在更喜欢全身心的把时间和心思投入到自己的原创制作中，确实让大家久等啦!《心电感应》是一首元气满满的宅舞风格的歌曲，很喜欢宅舞的我终于也有属于自己的宅舞歌曲和舞蹈视频了～希望能在新年给""","""我的新单曲《心电感应》来啦！希望用我自己的歌声带给大家一份好心情！""","""宅舞"""
9,483709666536989749,1611460833,"""【VLOG】R8卖前最后来一次赛道日！""","""纯玩的一天！随便看看就好～～R8已卖！请期待下一辆车的提车视频哟！""","""#赛道日#","""赛车"""
9,477172863746999575,1609938865,"""【MB】负２度的CP27，大家不冷吗？""","""大家一起来看看在零下的CP27，寒风中拍大升格的效果吧！！（大伙真的扛得住嘛）\np.s:果然新机子学习使用需要时间""","""#CP27#","""日常"""
9,476486794263290483,1609779127,"""【BW2020广州】4K大升格来了（这次沒咕）""","""2020","""#Bilibili","""日常"""
9,474986540714052143,1609429822,"""【年度报告】柴刀娘木木的2020时光机""","""一键闪回2020>>","""#年度报告#","""日常"""
9,471613763021886203,1608644536,"""生","""非常感谢昨晚来玩的嘉宾和所有的直播间观众，感谢有你们的陪伴！！""","""今年最后一次要三连！""","""搞笑"""
9,455510779584115659,1604895268,"""【听懂汽车】3w~700w车载音响对比试听""","""听懂系列跨界尝试，第一次做车，如有错漏麻烦各位指正\n\n听懂音箱","""彳亍""","""数码"""
9,442599553841627720,1601889139,"""咬人猫假扮三猫，家里突然换铲屎官，猫能认出来吗？""","""感情方面不要去做试探，往往结果会让你意想不到。\n","""分儿哥和老母亲第2次感情危机？！""","""喵星人"""
9,434012174750255763,1599889734,"""【以车换车】如何一天换到超跑？！""","""如何用特斯拉换到超跑，素质三连我们可以长期做下去！""","""上海有壕车的可以联系我们来换""","""汽车生活"""
9,430235236347036129,1599010347,"""在广西，EVA都是这样用的！""","""是自制","""""","""搞笑"""
9,425984893756776565,1598020737,"""【亚洲宠物展】吸猫才是世界的语言！""","""8月19日-8月23日，bilibili展位首次登陆亚洲宠物展～习惯了在B站云吸宠的2233，这两天已经手不离猫，不带正眼看小电视君的了……""","""#跟着B站逛亚宠#","""日常"""
9,425273544096510057,1597855113,"""【2233娘十周年生贺】街角小插曲""","""是值得纪念的第一次视频投稿！₍ᐢ","""#2233娘##22娘##33娘#""","""短片·手书·配音"""
9,425181283906383923,1597833632,"""特斯拉没电了怎么办？兄弟，借点汽油...","""https://youtu.be/vJfkCLTMfZo\n最近在外网上非常火的一段视频——老哥的特斯拉Model","""最近在外网上非常火的一段视频——老哥的特斯拉Model","""搞笑"""
9,424052235782523385,1597570755,"""【22娘×33娘】2233，生日快乐！""","""把你哔哩哔哩掉~\n\n后期","""""","""短片·手书·配音"""
9,424039312233182071,1597567746,"""【2233生日】时光软糖""","""作曲：DMYoung\n作词：HAKU\n演唱：幽舞越山（22），hanser（33）\n\n2010年8月16日，名为22和33的bilibili娘诞生~\n终于迎来共同度过的第一个十年，你是否也像2233一样，在记忆里攒起了不少甜甜的软糖？""","""#2233生日快乐#","""原创音乐"""
9,423283196122982606,1597391699,"""【BW】COSER小姐姐捕捉篇""","""900G的素材！然而我太懒了，所以只发一期。想看更多记得关注视角姬！\n素材部份来自","""#BW","""日常"""
9,422181511239572258,1597135193,"""@MagicBear","""@MagicBear","""""","""日常"""
9,415978620690241195,1595690970,"""BML","""太燃了！完结撒花！[tv_微笑][tv_微笑]","""""","""日常"""
9,412620480248329123,1594909092,"""【菜菜子Nanako】孙贼！这是我的地盘！""","""有话好好说啊""","""#鬼畜调教##蔡明##虚拟UP主#""","""鬼畜调教"""
9,410599393189050517,1594438521,"""全国唯一！地表最强买菜车帕纳梅拉TS混动猎装""","""MB又买新车了","""MB买车的速度比我更新的还快","""赛车"""
9,408777390756469038,1594014303,"""【平民赛车】迈凯伦拍墙！踩爆千万豪车！我慌了！平民赛车计划EP4""","""-""","""""","""赛车"""
9,408744770477517089,1594006708,"""超跑又被我们玩坏了！大雨下赛道真刺激！""","""这次我们下赛道，又玩坏了3台超跑，但也比上次好多了！\n上期赛道日：BV1pC4y1p7US""","""又又又又又又双叒叕玩坏超跑了""","""赛车"""
9,404516564157288671,1593022252,"""公","""这波啊","""#公主连结##十连##鬼畜调教#""","""鬼畜调教"""
9,404351882228110672,1592983909,"""2020.06","""2020.06","""#汽车##赛车##跑车#","""赛车"""
9,401350172529719221,1592285019,"""全国首刷","""-""","""#汽车##赛道##旅行车#","""赛车"""
9,400662780196566074,1592124973,"""来自神主ZUN的问候视频""","""上海爱丽丝幻乐团正式入驻b站啦！\n东方project的二次创作活动的规约也一并公开，希望大家可以在遵守规约前提下享受二次创作。\n【东方Project使用规定】\nhttps://www.bilibili.com/read/cv6364137\n\n今后也请大家继续支持上海爱丽丝幻乐团","""""","""综合"""
9,399700604441461594,1591900949,"""【官方MV】Mojito","""#bilibili音乐","""#bilibili音乐","""MV"""
9,397257828910860793,1591332196,"""【平民赛车】千万豪车云集！少爷带女仆赛车？！车价8千的我慌了！平民赛车计划第三集""","""""","""越改越慢节目效果出了呀！\n这期收藏数是多少下期就改装多少钱！""","""赛车"""
9,395769433758987115,1590985652,"""B站的儿童节礼物：哔哩哔哩视频卫星，把世界拍给你看！""","""6月1号，B站宣布在儿童节送给所有拥有好奇之心的人一份特别礼物——哔哩哔哩视频卫星，愿你们永葆童心，和B站一起探索更大的世界。6月下旬，哔哩哔哩视频卫星将在酒泉卫星发射中心发射，关注本账号预约直播！","""6月1号，B站宣布在儿童节送给所有拥有好奇之心的人一份特别礼物——#哔哩哔哩视频卫星#，愿你们永葆童心，和B站一起不断探索更大的世界。\n6月下旬，哔哩哔哩视频卫星将在酒泉卫星发射中心发射，敬请期待！#B站发射视频卫星#""","""科工机械"""
9,395519397942839012,1590927436,"""魔","""来自俄罗斯的魔性乐队little","""#综漫##搞笑##魔性#最新俄国神曲，我已洗脑，你们随意""","""MAD·AMV"""
9,395071248170815138,1590823093,"""我们下赛道竟然玩坏了5台车？！损失惨重但很快乐！""","""下赛道真好玩，修完车还要去！！""","""车真帅，小姐姐真好看！""","""赛车"""
9,394878124963591843,1590778128,"""#UpSpeed车队#","""#UpSpeed车队#","""#UpSpeed车队#","""日常"""
9,394408526126442640,1590668791,"""【SLOG】猩猩开赛车""","""快快快，冲冲冲""","""#赛车##汽车##速度#""","""赛车"""
9,391436692224099644,1589976857,"""《入海》bilibili","""#入海二创#同步开启：https://www.bilibili.com/blackboard/topic/activity-2020ruhai.html\n“毕业”是一个符号，象征着一个人独立面对着社会、人生和未来。每个人都会经历这一刻，这是我们共通的部分。B站联合毛不易发布《入海》，献给即将或已经毕业的人们，跃入人海，各有风雨灿烂。\n导演：张大鹏","""#入海#“毕业”其实是一个符号，象征着一个人独立面对着社会、人生和未来。每个人都会经历这一刻，这是我们共通的部分。bilibili×毛不易联合发布《入海》，希望这首歌能够温暖我们关于毕业的记忆。愿即将或已经毕业的人们，跃入人海，各有风雨灿烂。站内有奖二创同步开启，详情请戳：https://www.bilibili.com/blackboard/topic/activity-2020ruhai.html""","""MV"""
9,390576882724122677,1589776667,"""【萌新上赛道】浙赛小萌新""","""【萌新上赛道】第一次开赛道的小萌新，被@视角姬","""#赛车##跑车##比赛#","""赛车"""
9,390183747189316657,1589685133,"""@MagicBear","""@MagicBear","""@MagicBear","""日常"""
9,389985066296701519,1589638874,"""@MagicBear","""@MagicBear","""@MagicBear","""日常"""
9,385105227532643236,1588502698,"""bilibili献给新一代的演讲《后浪》""","""请查收，B站献给新一代的青年宣言片。\n国家一级演员何冰走上舞台，以青年宣言《后浪》为词，认可、赞美与寄语年轻一代。在UP主们的青春混剪中，属于年轻人的光芒正在闪耀。“你们有幸","""“向你们致敬！”B站献给新一代的青年宣言片《后浪》正式发布。带上tag#奔涌吧后浪#聊聊观后感吧～今晚18:48分CCTV1《新闻联播》前会播出特别版，和爸妈一起看B站吧~""","""日常"""
9,359862815678205707,1582625491,"""「Tough","""REMIX版本：BV1QC4y1H78n\n//演员表//\n邪恶皇后-MICHELLE","""#PattyCake##恶棍巢穴2##ToughLove严厉的爱#""","""音乐综合"""
9,358382933158184288,1582280929,"""美沙子入职b站？！一日小编是怎样的体验？""","""新人小编美沙子来报道！在b站工作是怎样一种体验？\n和B站的Lo娘们开起了茶会，还有猫可撸❤好开心！\n去年秋天去b站玩的时候拍的，拖了很久的一日小编vlog〜\n拍摄：MagicBear\n剪辑：spoon\n\n我的微博：@青木美沙子-Officcial-\n我的抖音：青木美沙子""","""体验了B站的一日入职！新人小编美沙子来报道~\n和B站的Lo娘们开起了茶会，还有猫可撸❤\n#青木美沙子##lo娘##LOLITA#""","""时尚潮流"""
9,346171739835377979,1579437789,"""提一台超跑是什么体验？在B站楼下开箱迈凯伦720S敞篷！""","""""","""#提车##超跑##迈凯伦#在B站楼下拍车真是第一次！爽呀！""","""汽车生活"""
9,339806611188130112,1577955792,"""【成都BW2019】UP主们的台前幕后采访Vlog""","""UP主们的台前幕后？大家快来围观一下！采访部份从4分开始","""#BW##BILIBILIWORLD#","""日常"""
9,337487839946423471,1577415911,"""泡芙喵怒扇怪异君耳光！二人恋情曝光！成都BW大闹酒店！【怪异君】""","""以上视频内容均为节目效果，请勿当真！\n收藏过十万","""#BW##成都BW##BW2019#\n那一晚发生了很多事情\n一时间消化不了""","""日常"""
9,335084286056495947,1576856290,"""【澳门回归20年】廿念澳门","""1925年，爱国主义诗人闻一多写下著名的《七子之歌》，发出了“我要回家”的声声呼唤。经著名曲作家李海鹰谱曲，《七子之歌》成为时代经典。今天，在澳门回归祖国怀抱20年之际，让我们重温经典，看今日澳门。""","""#央视新闻##澳门##七子之歌#1925年，爱国主义诗人闻一多写下著名的《七子之歌》，发出了“我要回家”的声声呼唤。经著名曲作家李海鹰谱曲，《七子之歌》成为时代经典。今天，在澳门回归祖国怀抱20年之际，让我们重温经典，看今日澳门。""","""热点"""
9,334630827706674785,1576750711,"""我只是想告诉你们一声，[点赞]我到成都了""","""我只是想告诉你们一声，[点赞]我到成都了！这边的空气尽是让我打喷嚏！哈秋！哈秋！#您的木木美食博主又来了#""","""我只是想告诉你们一声，[点赞]我到成都了！这边的空气尽是让我打喷嚏！哈秋！哈秋！#您的木木美食博主又来了#""","""日常"""
9,330294435447114930,1575741066,"""【猛男舞团】新宝岛remix","""BML2019广州单品\n《宴","""#bml##ICON-X#""","""舞蹈综合"""
9,322753310396403140,1573985261,"""︎❤安然︎❤带你参观Lo娘的宫殿！十个lo娘九个富是真的吗？！""","""喜欢一定一定要三连哦！我会努力学习做更多的视频，让大家看到更加不一样的安然！\n","""搬到新家也有小半年啦！今天突然奇想拍个vlog，给大家介绍一下玛丽苏公主的五千平方米城堡！啊哈哈哈！第一次做这样的视频很没有经验，要是有哪里做得不好也请大家多多包涵啦！\n所以问题来了！！安然的家里有多少套lo裙呢？！看完视频你就懂！""","""家居房产"""
9,320172035051913768,1573384261,"""[tv_目瞪口呆]它傻掉了……""","""[tv_目瞪口呆]它傻掉了……""","""[tv_目瞪口呆]它傻掉了……""","""日常"""
9,316441606846221033,1572515703,"""?happy","""?happy","""?happy","""日常"""
9,315353781822564295,1572262424,"""(*ﾟ∀ﾟ*)自己烤一烤ww好玩好吃#您""","""(*ﾟ∀ﾟ*)自己烤一烤ww好玩好吃#您的木木美食博主又来了#","""(*ﾟ∀ﾟ*)自己烤一烤ww好玩好吃#您的木木美食博主又来了#","""日常"""
9,304254147515841285,1569678089,"""【盛世中华】超燃！数百位8KRAW摄影师联合摄制，10分钟带你看绝美祖国大好河山！""","""8KRAW摄影师联合摄制，10分钟的山河壮阔，960万平方公里的华夏大地，14亿人民的生息之所。\n谨以此片，献礼新中国成立七十周年！\n片名：盛世中华\n策划：王源宗、LingChen\n视频制作：LingChen\n出品：8KRAW.COM\n视频拍摄/图：8KRAW摄影师（名单见片尾）\n制片统筹/文：鹿游原\nBGM：Northwind","""看！我们的盛世中华！\n这部片子做了很久，还请大家多多支持！""","""社科·法律·心理"""
9,301632134405772411,1569067604,"""【FES2019】FGO三周年展游场""","""拖了很久很久的FES游场\n剪辑：funvideo\n调色：funvideo、MagicBear\n出镜COSER：@枣糕-下野病弃疗","""#FES#","""日常"""
9,298234999961407163,1568276647,"""哈哈哈哈同事拿老皮的jio解锁手机～#皮""","""哈哈哈哈同事拿老皮的jio解锁手机～#皮卡丘和BIUBIU#""","""哈哈哈哈同事拿老皮的jio解锁手机～#皮卡丘和BIUBIU#""","""日常"""
9,296389778933038579,1567847023,"""【电子小制作】场效应管快速测量内阻接线板""","""由于淘宝上经常买到假的场效应管，最简单的判定方法就是看看内阻和实际datasheet差距有多大，现在教大家如何快速做一个测量场效应管内阻的接线板，方便快速准确的测量场效应管的内阻！""","""#手工达人挑战##创作新秀奖##制作#","""野生技能协会"""
9,295356736216299466,1567606499,"""【评测】拼多多上买的万用表靠不靠谱？用专业仪器检测看看！""","""在拼多多上买了两款爆款20包邮的万用表，到底靠不靠谱？带你用专业仪器的角度来看看测试结果吧！\n测试用设备：\nFLUKE","""#数码装备党挑战#","""野生技能协会"""
9,293912411727701857,1567270216,"""[吃瓜][吃瓜][吃瓜]你们要的有@Ma""","""[吃瓜][吃瓜][吃瓜]你们要的有@MagicBear版来了，放心我们没有睿总那么有韵味，比不过比不过[tv_笑哭]（依旧是感谢摄影及视频制作的阿狸小天使）""","""[吃瓜][吃瓜][吃瓜]你们要的有@MagicBear版来了，放心我们没有睿总那么有韵味，比不过比不过[tv_笑哭]（依旧是感谢摄影及视频制作的阿狸小天使）""","""日常"""
9,293908597796735686,1567269328,"""(｡’▽’｡)♡一个人的旋转芙芙！[害羞""","""(｡’▽’｡)♡一个人的旋转芙芙！[害羞]羞涩包场！芙芙太可爱了~~（感谢摄影及视频制作的阿狸小天使）""","""(｡’▽’｡)♡一个人的旋转芙芙！[害羞]羞涩包场！芙芙太可爱了~~（感谢摄影及视频制作的阿狸小天使）""","""日常"""
9,292542046577071785,1566951153,"""2233娘被迫卖窝窝头，一块钱四个，嘿嘿！！！""","""窝窝头，一块钱四个，嘿嘿！！\n看视频，两硬币一个，嘿嘿！！！\n制作不易，请多投币(｡･ω･｡)ﾉ♡""","""#bilibili新星计划##手书##脑洞#""","""短片·手书·配音"""
9,291598485216103541,1566731463,"""【真相】普通用户5G速度大揭秘？""","""一直以来大家的测试都是运营商申请的测试机和测试号，是否他们的号有专门优化过网速呢？我这个咸鱼UP由于沒有渠道，只能自己购入5G手机来测试，我们来看看普通用户5G的速度如何吧！\n测试用手机：华为Mate","""#手机##5G#","""数码"""
9,290429974934661622,1566459398,"""【VLOG】Bilibili","""Bilibili","""#BW2019#","""日常"""
9,288600078351793757,1566033342,"""[tv_目瞪口呆]@MagicBear舞""","""[tv_目瞪口呆]@MagicBear舞龙似的拍摄园长@BilibiliWorld园长""","""[tv_目瞪口呆]@MagicBear舞龙似的拍摄园长@BilibiliWorld园长""","""日常"""
9,288308518788170672,1565965458,"""⸜(ّ木ധّ木)⸝","""⸜(ّ木ധّ木)⸝","""⸜(ّ木ധّ木)⸝","""日常"""
9,288190463023747381,1565937971,"""[点赞]大家跳得真的很不错2333""","""[点赞]大家跳得真的很不错2333""","""[点赞]大家跳得真的很不错2333""","""日常"""
9,287627873850630616,1565806983,"""酸芒果？辣莲藕？你吃过这种惊人的广西小吃吗？【翼刀的沙雕日常】""","""以前就一直想吐槽和介绍这种广西南宁特有的食物——酸野\n来跟着翼刀一起成为沙雕美食家吧""","""#沙雕##高能##恶搞##美食##搞笑##广西##南宁##特产##实验##逗比##幽默##原创##小吃##酸品##广东#\n以前就一直想吐槽和介绍这种广西南宁特有的食物——酸野\n来跟着翼刀一起成为沙雕美食家吧""","""搞笑"""
9,287625936816184050,1565806532,"""酸芒果？辣莲藕？你吃过这种惊人的广西小吃吗？【翼刀的沙雕日常】""","""以前就一直想吐槽和介绍这种广西南宁特有的食物——酸野\n来跟着翼刀一起成为沙雕美食家吧""","""#沙雕##高能##恶搞##美食##搞笑##广西##南宁##特产##实验##逗比##幽默##原创##小吃##酸品##广东#\n以前就一直想吐槽和介绍这种广西南宁特有的食物——酸野\n来跟着翼刀一起成为沙雕美食家吧""","""搞笑"""
9,287122326134959943,1565689276,"""【电源评测】多款开关电源大测试""","""这次我们来测试10个电源，分别有恒流和恒压的型号。视频结尾有各个电源的对比表格，评测请看各电源测试部份。\nBGM：FictionJunction","""#测评##LED##电源#","""野生技能协会"""
9,286796986655568544,1565613527,"""【教程】如何安全的玩转强电？教你制作一个安全测试插座！""","""如何安全的玩转强电，制作一个安全插座，安全方便测量电压电流频率等等\nBGM:","""#DIY##教程##制作#","""极客DIY"""
9,286796754726285173,1565613473,"""【带你参观我的家】论电子工程师如何理线""","""作为电子工程师的你碰到这堆线会如何处理？我用3D打印机做了一堆固定件来整理，来看看整埋效果如何吧！\nBGM:","""#带你参观我的家#","""家居房产"""
9,286474297168802768,1565538395,"""【DIY】教你用不到70元的成本制作一个色温表""","""商用色温表1万多1台，启用又慢","""#暑期爆肝挑战#","""极客DIY"""
9,286016217435636969,1565431740,"""看看我们走了有多远，哔哩哔哩-(゜-゜)つロ乾杯~""","""很喜欢这首歌，","""#暑期爆肝挑战##AMV##mad#很喜欢这首歌，","""MAD·AMV"""
9,285538088787117945,1565320417,"""【开箱】超小型支持USB供电的0-30V可调实验电""","""买了个超小的可调电源","""#暑期爆肝挑战#","""野生技能协会"""
9,285334709205667880,1565273064,"""【开箱】台式万用表SDM3055X开箱及测评""","""白嫖了一台SDM3055X，做个小测评打卡\nBGM：天門","""#暑期爆肝挑战#","""野生技能协会"""
9,285214978403040120,1565245187,"""【VLOG】5分钟看CJ","""逛ChinaJoy","""#ChinaJoy#","""日常"""
9,284174767388219335,1565002994,"""“行走的素材”肖战来B站实习啦，自己带着素材来啦！【bilibili星访问","""#bilibili星访问##安利肖战的N种方式#沉迷B站工作环境的肖战，是真的想来入职了~""","""#bilibili星访问##安利肖战的N种方式#听说这个可以当B站招聘宣传片~~（想艾特睿总但我不敢）""","""粉丝创作"""
9,283806534071299580,1564917258,"""#ChinaJoy#","""#ChinaJoy#","""#ChinaJoy#","""日常"""
9,282792741402639340,1564681216,"""【皮卡丘和BIUBIU】庆生视频""","""今天8.1是我们家两位主子的生日～\n老皮biu总生日快乐！！粑粑麻麻永远爱你们~祝你们健健康康！天天都这么萌！\n生日礼物给你们买了辆敞篷豪车！希望你们喜欢嘿嘿嘿！\n两个主子的资料：\nbiubiu（母，纯白色，中华田园）\n皮卡丘（公，海豹重点色布偶）\n\n摄影：MagicBear、凉茶""","""#皮卡丘和biubiu##动物圈##宠物##猫#","""喵星人"""
9,280079610561269049,1564049516,"""[tv_偷笑]朋友高价从海外收了一个比我""","""[tv_偷笑]朋友高价从海外收了一个比我们都年长的绝版古董阿童木~~猜猜这是哪一年出土的？""","""[tv_偷笑]朋友高价从海外收了一个比我们都年长的绝版古董阿童木~~猜猜这是哪一年出土的？""","""日常"""
9,278284365769151624,1563631528,"""#BML2019#","""#BML2019#","""#BML2019#","""日常"""
9,278230171872658287,1563618910,"""[tv_坏笑]坐在散人附近压力好大……中""","""[tv_坏笑]坐在散人附近压力好大……中场休息周围观众突然发现了他…然后集体对着他咔嚓咔嚓，作为专业背景的我们赶紧拿出场刊挡住脸[tv_笑哭]旁边的人还问我这个真的是真人吗？哈哈哈哈还有我已经帮忙传递旁边小迷弟求他签名的纸笔好多回了～#BML2019#""","""[tv_坏笑]坐在散人附近压力好大……中场休息周围观众突然发现了他…然后集体对着他咔嚓咔嚓，作为专业背景的我们赶紧拿出场刊挡住脸[tv_笑哭]旁边的人还问我这个真的是真人吗？哈哈哈哈还有我已经帮忙传递旁边小迷弟求他签名的纸笔好多回了～#BML2019#""","""日常"""
9,277567909392098054,1563464715,"""央视报道京都动画火灾，现场记者发来报道""","""http://tv.cctv.com/live/?spm=C28340.P9dhkRStLqPh.EYq0LGFLODJm.2\n难过，不知道说什么""","""#京都##京阿尼##灾难#""","""其他"""
9,274386472495796789,1562723979,"""梶浦由记上海演唱会完售感谢及追加预售问候""","""梶浦由记完售感谢及追加预售问候视频，\n#梶浦由记上海演唱会#","""#梶浦由记上海演唱会#","""音乐现场"""
9,273407838426694549,1562496123,"""某公司员工光天化日之下公然开车""","""-""","""#Vlog夏日大作战##逗比##上班#""","""搞笑"""
9,273394764543073778,1562493079,"""看看开完会之后的B站顶梁柱们都喜欢做什么""","""看看开完会之后的B站顶梁柱们都喜欢做什么事[tv_笑哭]技术大大毛老师碰瓷@哔哩哔哩漫画的黎叔姥爷~~~（出镜道具：@MagicBear","""看看开完会之后的B站顶梁柱们都喜欢做什么事[tv_笑哭]技术大大毛老师碰瓷@哔哩哔哩漫画的黎叔姥爷~~~（出镜道具：@MagicBear","""日常"""
9,270120985856111569,1561730843,"""[喵]我们家贵妇biu总依旧颜值上线~~""","""[喵]我们家贵妇biu总依旧颜值上线~~#皮卡丘和biubiu#""","""[喵]我们家贵妇biu总依旧颜值上线~~#皮卡丘和biubiu#""","""日常"""
9,269225880312236168,1561522435,"""[点赞]儿子十岁了～不容易啊（嘤嘤嘤～老""","""[点赞]儿子十岁了～不容易啊（嘤嘤嘤～老母亲留下了眼泪～""","""[点赞]儿子十岁了～不容易啊（嘤嘤嘤～老母亲留下了眼泪～""","""日常"""
9,264199102125192895,1560352047,"""【VLOG】某年的马尔代夫航拍""","""发老片","""#马尔代夫##旅游##风景#""","""日常"""
9,263043768807556350,1560083050,"""【自制】价值四万的示波器放鸡你太美""","""升级版","""#示波器##BadApple##蔡徐坤#""","""校园学习"""
9,254194349471684164,1558022634,"""和《大侦探皮卡丘》女主Kathryn一起跳皮卡丘体操吧！""","""""","""""","""舞蹈综合"""
9,253764225678101396,1557922488,"""外卖火锅开箱视频（雾）""","""饿着肚子的我一个不小心……突然拍了个开箱视频……<(￣︶￣)>既然拍了就想发个动态好了，咦时间又超过30s了，好吧那就只能变成投稿了……（不知道又会不会有考古党跑来说史前人类居然再次投稿，看我双马尾甩过去，考古党HP-99）""","""#皮卡丘和biubiu##您的木木美食博主又来了#""","""喵星人"""
9,239905109240412431,1554695661,"""「裏表ラバーズ」【PV】""","""非常新房風的PV，sm8300767""","""""","""VOCALOID·UTAU"""
9,234453215194728037,1553426293,"""【穿汉服春游灵隐寺】人生第一次拍vlog，素材太少怎么办？""","""-""","""#汉服##VLOG##旅游#""","""日常"""
9,231948214175030608,1552843052,"""[doge]我应该绑个高双马尾再敷面膜…""","""[doge]我应该绑个高双马尾再敷面膜………（（（（我是美少女战士""","""[doge]我应该绑个高双马尾再敷面膜………（（（（我是美少女战士""","""日常"""
9,230269504729572905,1552452197,"""再来发个巫毒甜甜圈的品种展示~~#您的木""","""再来发个巫毒甜甜圈的品种展示~~#您的木木美食博主又来了#","""再来发个巫毒甜甜圈的品种展示~~#您的木木美食博主又来了#","""日常"""
9,229918335324293435,1552370434,"""@MagicBear","""@MagicBear","""@MagicBear","""日常"""
9,221006802170932695,1550295556,"""HK的烈日好可怕…快30度…这么晒如何出""","""HK的烈日好可怕…快30度…这么晒如何出门[流泪]我记得年还没过完（（（""","""HK的烈日好可怕…快30度…这么晒如何出门[流泪]我记得年还没过完（（（""","""日常"""
9,220484001570973418,1550173832,"""【周六野】单身如何快乐？好男人都在哪？我脱单前的修炼-闺蜜没秘密#14""","""【闺蜜没秘密】专栏→https://space.bilibili.com/62540916/favlist?fid=2227386\n“我的第一次”av21876355\n“如何勾搭男神”av10833415\n“我的50问”av14657124\n微博＠周六野Zoey","""回想起我的单身生活，是快乐且满足的~所以想和大家分享我单身时的一些经历和想法。\n我知道你们很多还是单身，希望这次分享可以给到你启发，学会让自己快乐成长！\n注意：里面提到性和夜店的地方，只是刚好我的经历，主要是想说明我的爱情出现在了我主动丰富自我的路上，和具体地点没有关系，我在参加各种活动时也遇到很多很优秀的人，希望没有造成误导。","""日常"""
9,210213643843386760,1547782578,"""[目瞪口呆]小电视上天了hhhhh","""[目瞪口呆]小电视上天了hhhhh","""[目瞪口呆]小电视上天了hhhhh","""日常"""
9,207080366413797419,1547053055,"""[大佬]厕所这块是我家地暖最热的区域…地""","""[大佬]厕所这块是我家地暖最热的区域…地板超暖和…这两只没事就爱躺这里…但是你们两个这是啥姿势ww（剪刀腿互夹！？）#皮卡丘和biubiu#""","""[大佬]厕所这块是我家地暖最热的区域…地板超暖和…这两只没事就爱躺这里…但是你们两个这是啥姿势ww（剪刀腿互夹！？）#皮卡丘和biubiu#""","""日常"""
9,201381000646313280,1545726068,"""一起来merry","""昨晚平安夜在圣诞集市买了个有趣的玩具ww结果他们唱了超过30秒…只能变成投稿了233（捂脸""","""#merry","""日常"""
9,190351889704033200,1543158153,"""【精灵宝可梦Let""s","""相关游戏：精灵宝可梦Letsgo、精灵宝可梦\n本期视频为大家带来的是《精灵宝可梦Let""s","""#Switch##精灵宝可梦Let""s","""单机游戏"""
9,190107549013052428,1543101263,"""[笑哭]我家住在寂静岭……""","""[笑哭]我家住在寂静岭……""","""[笑哭]我家住在寂静岭……""","""日常"""
9,189023336060184284,1542848825,"""和皮卡丘比赛竞走、相扑、跳绳……伊布你是来搞笑的吗？！""","""和皮卡丘比赛竞走、相扑、跳绳……伊布你是来搞笑的吗？！哈哈哈哈哈""","""猜猜谁赢得多！""","""动物综合"""
9,188835787722012208,1542805158,"""我妈做的钛合金蛋糕……(-_＼)""","""我妈做的钛合金蛋糕……(-_＼)""","""我妈做的钛合金蛋糕……(-_＼)""","""日常"""
9,186952444563250731,1542366658,"""幻电老皮vs超电阿猫（阿猫：不要过来！）""","""幻电老皮vs超电阿猫（阿猫：不要过来！）#皮卡丘和biubiu#""","""幻电老皮vs超电阿猫（阿猫：不要过来！）#皮卡丘和biubiu#""","""日常"""
9,186202143842593771,1542191965,"""-","""-","""-","""日常"""
9,178526255601070410,1540404783,"""我怕不是养了只兔子哦[笑哭]""","""我怕不是养了只兔子哦[笑哭]""","""我怕不是养了只兔子哦[笑哭]""","""日常"""
9,171767673588722113,1538831178,"""[点赞]北京场bml顺利达成～哔哩哔哩干""","""[点赞]北京场bml顺利达成～哔哩哔哩干杯！""","""[点赞]北京场bml顺利达成～哔哩哔哩干杯！""","""日常"""
9,171686790763409019,1538812346,"""[目瞪口呆]天安门您好，毛爷爷您好！bm""","""[目瞪口呆]天安门您好，毛爷爷您好！bml北京场我来了（""","""[目瞪口呆]天安门您好，毛爷爷您好！bml北京场我来了（""","""日常"""
9,171445907522310343,1538756261,"""夜深了就想发个视频（晚安""","""夜深了就想发个视频（晚安""","""夜深了就想发个视频（晚安""","""日常"""
9,171444795125778620,1538756002,"""夜深了就想发个视频（晚安""","""夜深了就想发个视频（晚安""","""夜深了就想发个视频（晚安""","""日常"""
9,170985096187291346,1538648970,"""离开广州这一站，出发下一站北京BML～（""","""离开广州这一站，出发下一站北京BML～（飞机场上戴着这个c元帅颈枕会不会被人觉得我很奇怪[笑哭]像是个会发出圣处","""离开广州这一站，出发下一站北京BML～（飞机场上戴着这个c元帅颈枕会不会被人觉得我很奇怪[笑哭]像是个会发出圣处","""日常"""
9,169869414006239921,1538389205,"""[大佬]昨天说的#黑科技#","""[大佬]昨天说的#黑科技#","""[大佬]昨天说的#黑科技#","""日常"""
9,167365216145640755,1537806151,"""月饼节快乐""","""月饼节快乐""","""月饼节快乐""","""日常"""
9,156607023149545116,1535301314,"""我今晚的十连…[笑哭]第一张卡视频没录上""","""我今晚的十连…[笑哭]第一张卡视频没录上#FGO街机#""","""我今晚的十连…[笑哭]第一张卡视频没录上#FGO街机#""","""日常"""
9,154763301063015588,1534872039,"""【江之岛】纳凉花火""","""登上江之岛的暸望塔顶，在和烟花一般高度的地方看烟火，貌似还是头一回，那到底烟火是圆的还是扁的呢？请看视频ww""","""#烟火大会##花火#""","""其他"""
9,154753890789660690,1534869848,"""【江之岛】纳凉花火""","""登上江之岛的暸望塔顶，在和烟花一般高度的地方看烟火，貌似还是头一回，那到底烟火是圆的还是扁的呢？请看视频ww""","""#烟火大会##花火#""","""其他"""
9,154375895012402403,1534781839,"""【新垣結衣】小鸡拉面广告总集","""https://m.youtube.com/watch?v=9wDK32fN1mw\nGAKKI","""#新垣结衣##日本广告##GAKKI#""","""明星综合"""
9,150959918542638187,1533986495,"""【咬人猫】Fall","""#零境世界0807开启#\xa0我是1号零境使^_−☆。受邀跳这首《电击文库：零境交错》的主题曲《Fall\xa0in\xa0Love》的时候，是很开心的，因为这首歌还有舞蹈都很有刚刚接触宅舞时，我喜欢的那种感觉，就是简简单单的开心舞蹈就好，也希望这一次的舞蹈大家也看的开心。感谢编舞：桃核\xa0\xa0\xa0\xa0道具/后勤：岚咧""","""#零境世界0807开启#很喜欢《Fall\xa0in\xa0Love》这首歌和舞蹈的感觉，就像刚接触宅舞时，那种简简单单的开心舞蹈就好，也希望这一次的舞蹈大家也能看的开心！#咬人猫#""","""宅舞"""
9,150313311215416199,1533835945,"""B站最热门唱见是？看完这份排行就知道了！""","""筛选翻唱区原创视频，分UP主对视频总播放逐日求和排名。\n绘图框架开发：Jannchie见齐；\n数据采集/整理/BGM推荐：花儿不哭；\nBGM：Team","""#排行榜#视频结尾收录了B站总播放前150名的唱见排行，一定有你喜欢的唱见，快来给他们打call吧~#趣味科普人文##技术宅#""","""社科·法律·心理"""
9,148323165105783748,1533372578,"""【FGO·宫城冬日祭】依旧搞事的Riyo咕嗒子""","""https://www.youtube.com/results?search_query=%E3%83%AA%E3%83%A8%E3%81%90%E3%81%A0%E5%AD%90\n这个贞德小姐姐真好看""","""""","""官方延伸"""
9,148295234932365787,1533366075,"""【林小尤_扬琴】初音未来《千本樱》""","""原唱：初音未来\n紧随圣者的脚步，一二三四大胆前行！\n跟我一起遥望希望之丘，全力以赴越挫越勇！\n让我们一起在夜中飞散，成为爱人的守护神吧。\n\n这首曲子我cos了初音未来，在保留原曲快速热烈风格的基础上增加了中东元素。乐曲的引子和中段solo部分运用了印度传统音乐，Tamboura（塔姆布拉琴）乐器的音色给乐曲增添了神秘色彩，中段solo部分运用了大量不同音区的加花、座音等快速演奏技巧，在特殊音的技法上则采用了扬琴的柔弦技法来表达对昭和时代战争给世界人民带来灾难的讽刺和对大正时代的怀念，以及对当前娱乐历史现象""","""#千本樱##林小尤##扬琴#""","""演奏"""
9,146187866279615242,1532875415,"""法国人吐槽:","""很多人抱怨去法国巴黎旅行的时候被抢的几率很高。\n巴黎扒手真的很多吗？\n\n记得转发，","""巴黎扒手真的很多吗？\n#巴黎##被抢##扒手#""","""日常"""
9,145045224591720276,1532609373,"""青春思念心还承【新海诚出道15年纪念】""","""「樱花落下的速度是每秒五厘米，","""7月27日~10月7日，新海诚展在上海当代艺术博物馆举办，喜爱新海诚的小伙伴不妨去看看，门票B站有售哦~""","""MAD·AMV"""
9,144672627588423270,1532522621,"""【皮总试驾宾利】""","""老皮皮今天又来b站视察工作，准备试了个驾，他说感觉这车还行喵～""","""#动物圈#","""喵星人"""
9,143022084539651845,1532138324,"""#BW","""#BW","""#BW","""日常"""
9,141759007672971120,1531844241,"""《悟空》肝肠寸断维权版""","""本视频粗制滥造程度可能无法直视，但是为答谢各侵权模式，以及保护原创版权的呼吁，故熬夜剪此视频。""","""#鬼畜##丧心病狂##音乐#""","""其他"""
9,133953458664067214,1530026870,"""#B","""#B","""#B","""日常"""
9,129173563789771779,1528913964,"""【小奶牛喵】啾咪的恋爱循环(｡•̀ᴗ-)✧""","""貌似发现了新功能，啾咪赶紧来试试！(被打""","""#动物圈##萌宠##卖萌#_(:3)_小啾咪正式出道宅舞区！(不""","""喵星人"""
9,126522100090219875,1528296622,"""莫古力……get√【感谢@MagicBe""","""莫古力……get√【感谢@MagicBear老公大人】""","""莫古力……get√【感谢@MagicBear老公大人】""","""日常"""
9,125661238319645086,1528096187,"""#周边#","""#周边#","""#周边#","""日常"""
9,124655730642011254,1527862074,"""【Ms仙女座】☆☆随心所欲Mercy☆☆完全对仙女组没兴趣么？""","""舞见（从左到右）：@肚腩腩一心想養貓貓QAQ（まなこ）、@蓝影Kageko（いとくとら）、@吖攸攸（やっこ）、@饼干今天还坑吗","""""","""宅舞"""
9,121359712608429083,1527094660,"""[笑哭]老皮皮今晚一直在对着电视机追SA""","""[笑哭]老皮皮今晚一直在对着电视机追SAMSUNG………","""[笑哭]老皮皮今晚一直在对着电视机追SAMSUNG………","""日常"""
9,110868232786735999,1524651922,"""[偷笑]安西教练，你看起来好好吃！（事实""","""[偷笑]安西教练，你看起来好好吃！（事实上真的很好吃，大家快来看jump展吃安西！[抓狂]龙珠系列饮品也好好喝，咖喱饭味道也很好～""","""[偷笑]安西教练，你看起来好好吃！（事实上真的很好吃，大家快来看jump展吃安西！[抓狂]龙珠系列饮品也好好喝，咖喱饭味道也很好～""","""日常"""
9,107893860557970124,1523959397,"""[点赞]柯南君到手ww""","""[点赞]柯南君到手ww""","""[点赞]柯南君到手ww""","""日常"""
9,105351411718681151,1523367437,"""[目瞪口呆]真的是一堆人一起吃才能吃完~""","""[目瞪口呆]真的是一堆人一起吃才能吃完~~""","""[目瞪口呆]真的是一堆人一起吃才能吃完~~""","""日常"""
9,104641634014109348,1523202179,"""[调皮]又来熊猫雪屋深夜伤害～～把水果沾""","""[调皮]又来熊猫雪屋深夜伤害～～把水果沾了巧克力酱然后放入液氮里ww水果冰棍！""","""[调皮]又来熊猫雪屋深夜伤害～～把水果沾了巧克力酱然后放入液氮里ww水果冰棍！""","""日常"""
9,101371046481587960,1522440686,"""终于忙完了[笑哭]补一个拍摄的现场""","""终于忙完了[笑哭]补一个拍摄的现场""","""终于忙完了[笑哭]补一个拍摄的现场""","""日常"""
9,100953296487404023,1522343421,"""(","""(","""(","""日常"""
9,100370495197038603,1522207727,"""bilibili上市宣传视频""","""今天晚上9点30分（北京时间），bilibili将在美国纳斯达克（NASDAQ）证券交易所挂牌上市。""","""今天晚上9点30分（北京时间），bilibili将在美国纳斯达克（NASDAQ）证券交易所挂牌上市。""","""财经商业"""
9,5649329399697002,1360154300,"""[2013拜年祭]『Dear』--中文合唱--""","""作曲、编曲：19""s","""""","""翻唱"""
9,2544939922661238,1297394942,"""BiliBili★Burning","""【115下载地址-视频：f72d969350","""""","""翻唱"""
9,2337780766112068,1293206944,"""bili娘小剧场[祝你圣诞快乐]""","""o(＾∇＾)oﾜｰｲ♪","""""","""翻唱"""
9,933085941073007,1264809172,"""【小柊】熊猫猫体操舞专辑(暂5P)[花丸幼稚园]""","""【ぱんだねこ体操】大萌！熊猫猫体操舞","""""","""综合"""
9,841925259166498,1262966237,"""『自主庆生』【柴刀娘木木小剧场】""","""今天是伟大的周总理的忌日","""""","""翻唱"""
9,825196363645624,1262628040,"""真红第3弹--【真紅LOVEドッきゅん】""","""--真红之誓第3弹--【真紅LOVEドッきゅん】！真红与OOXX不得不说的故事...","""""","""宅舞"""
9,596772822974963,1258010155,"""【221的金坷垃Ｘ油库里≡(▔﹏▔)≡】""","""（=＾ェ＾=）/看了笑了就足够...嘛嘛...总之就是咱蛋疼产物","""""","""VOCALOID·UTAU"""